"filename", "language", "GDScript", "C#", "comment", "blank", "total"
"d:\Godot projects\New folder\No-mouse\Scripts\GDscript\Ammo.gd", "GDScript", 5, 0, 0, 4, 9
"d:\Godot projects\New folder\No-mouse\Scripts\GDscript\Audioplayer.gd", "GDScript", 7, 0, 0, 5, 12
"d:\Godot projects\New folder\No-mouse\Scripts\GDscript\Deathscreen.gd", "GDScript", 52, 0, 0, 24, 76
"d:\Godot projects\New folder\No-mouse\Scripts\GDscript\Enemy_taxi.gd", "GDScript", 131, 0, 12, 29, 172
"d:\Godot projects\New folder\No-mouse\Scripts\GDscript\Enemyplane.gd", "GDScript", 41, 0, 0, 7, 48
"d:\Godot projects\New folder\No-mouse\Scripts\GDscript\Follow.gd", "GDScript", 46, 0, 1, 13, 60
"d:\Godot projects\New folder\No-mouse\Scripts\GDscript\Global.gd", "GDScript", 16, 0, 2, 1, 19
"d:\Godot projects\New folder\No-mouse\Scripts\GDscript\Gun.gd", "GDScript", 151, 0, 0, 27, 178
"d:\Godot projects\New folder\No-mouse\Scripts\GDscript\Healthbar3d.gd", "GDScript", 14, 0, 1, 6, 21
"d:\Godot projects\New folder\No-mouse\Scripts\GDscript\Healthbar3d_enemy.gd", "GDScript", 8, 0, 0, 8, 16
"d:\Godot projects\New folder\No-mouse\Scripts\GDscript\InputRecorder.gd", "GDScript", 55, 0, 11, 16, 82
"d:\Godot projects\New folder\No-mouse\Scripts\GDscript\Loading_screen.gd", "GDScript", 39, 0, 15, 10, 64
"d:\Godot projects\New folder\No-mouse\Scripts\GDscript\MainMenu.gd", "GDScript", 19, 0, 1, 9, 29
"d:\Godot projects\New folder\No-mouse\Scripts\GDscript\Menu.gd", "GDScript", 31, 0, 1, 8, 40
"d:\Godot projects\New folder\No-mouse\Scripts\GDscript\Movement.gd", "GDScript", 217, 0, 19, 32, 268
"d:\Godot projects\New folder\No-mouse\Scripts\GDscript\ObjectPool.gd", "GDScript", 19, 0, 0, 7, 26
"d:\Godot projects\New folder\No-mouse\Scripts\GDscript\Particle_loader.gd", "GDScript", 22, 0, 3, 5, 30
"d:\Godot projects\New folder\No-mouse\Scripts\GDscript\Popuptext.gd", "GDScript", 24, 0, 0, 5, 29
"d:\Godot projects\New folder\No-mouse\Scripts\GDscript\Start.gd", "GDScript", 10, 0, 11, 5, 26
"d:\Godot projects\New folder\No-mouse\Scripts\GDscript\Weapon state machine\idle.gd", "GDScript", 14, 0, 2, 2, 18
"d:\Godot projects\New folder\No-mouse\Scripts\GDscript\Weapon state machine\machine_gun.gd", "GDScript", 94, 0, 7, 28, 129
"d:\Godot projects\New folder\No-mouse\Scripts\GDscript\Weapon state machine\machine_gun_descend.gd", "GDScript", 16, 0, 0, 5, 21
"d:\Godot projects\New folder\No-mouse\Scripts\GDscript\Weapon state machine\machine_gun_rise.gd", "GDScript", 16, 0, 0, 6, 22
"d:\Godot projects\New folder\No-mouse\Scripts\GDscript\Weapon state machine\minigun.gd", "GDScript", 60, 0, 3, 11, 74
"d:\Godot projects\New folder\No-mouse\Scripts\GDscript\Weapon state machine\minigun_descend.gd", "GDScript", 23, 0, 0, 3, 26
"d:\Godot projects\New folder\No-mouse\Scripts\GDscript\Weapon state machine\minigun_rise.gd", "GDScript", 21, 0, 0, 3, 24
"d:\Godot projects\New folder\No-mouse\Scripts\GDscript\Weapon state machine\rocket_launcher.gd", "GDScript", 43, 0, 0, 9, 52
"d:\Godot projects\New folder\No-mouse\Scripts\GDscript\Weapon state machine\rocket_launcher_descend.gd", "GDScript", 16, 0, 0, 4, 20
"d:\Godot projects\New folder\No-mouse\Scripts\GDscript\Weapon state machine\rocket_launcher_rise.gd", "GDScript", 17, 0, 0, 5, 22
"d:\Godot projects\New folder\No-mouse\Scripts\GDscript\Weapon state machine\state.gd", "GDScript", 11, 0, 4, 9, 24
"d:\Godot projects\New folder\No-mouse\Scripts\GDscript\Weapon state machine\weapon_state_machine.gd", "GDScript", 59, 0, 8, 21, 88
"d:\Godot projects\New folder\No-mouse\Scripts\GDscript\bomb.gd", "GDScript", 8, 0, 0, 3, 11
"d:\Godot projects\New folder\No-mouse\Scripts\GDscript\debug_taxi.gd", "GDScript", 124, 0, 18, 21, 163
"d:\Godot projects\New folder\No-mouse\Scripts\GDscript\explosion.gd", "GDScript", 24, 0, 0, 9, 33
"d:\Godot projects\New folder\No-mouse\Scripts\GDscript\interface.gd", "GDScript", 76, 0, 8, 7, 91
"d:\Godot projects\New folder\No-mouse\Scripts\GDscript\pause_menu.gd", "GDScript", 25, 0, 2, 8, 35
"d:\Godot projects\New folder\No-mouse\Scripts\GDscript\resolution.gd", "GDScript", 15, 0, 0, 2, 17
"d:\Godot projects\New folder\No-mouse\Scripts\GDscript\rocket_ammo.gd", "GDScript", 47, 0, 1, 17, 65
"d:\Godot projects\New folder\No-mouse\Scripts\GDscript\select_level.gd", "GDScript", 11, 0, 3, 5, 19
"d:\Godot projects\New folder\No-mouse\Scripts\GDscript\settings.gd", "GDScript", 129, 0, 0, 19, 148
"d:\Godot projects\New folder\No-mouse\Scripts\GDscript\test.gd", "GDScript", 8, 0, 1, 3, 12
"d:\Godot projects\New folder\No-mouse\Scripts\GDscript\weapon_menu.gd", "GDScript", 79, 0, 18, 19, 116
"d:\Godot projects\New folder\No-mouse\Scripts\GDscript\weapon_option.gd", "GDScript", 4, 0, 0, 2, 6
"d:\Godot projects\New folder\No-mouse\Scripts\Ported scripts\Ammo.cs", "C#", 0, -13, 0, -2, -15
"d:\Godot projects\New folder\No-mouse\Scripts\Ported scripts\AudioPlayer.cs", "C#", 0, -26, 0, -3, -29
"d:\Godot projects\New folder\No-mouse\Scripts\Ported scripts\Death_screen.cs", "C#", 0, -119, -3, -5, -127
"d:\Godot projects\New folder\No-mouse\Scripts\Ported scripts\Enemy_Plane.cs", "C#", 0, -67, -2, -12, -81
"d:\Godot projects\New folder\No-mouse\Scripts\Ported scripts\Explosion.cs", "C#", 0, -47, 0, -3, -50
"d:\Godot projects\New folder\No-mouse\Scripts\Ported scripts\Follow.cs", "C#", 0, -71, -5, -6, -82
"d:\Godot projects\New folder\No-mouse\Scripts\Ported scripts\Gun.cs", "C#", 0, -269, -4, -23, -296
"d:\Godot projects\New folder\No-mouse\Scripts\Ported scripts\Healthbar3d.cs", "C#", 0, -36, 0, -3, -39
"d:\Godot projects\New folder\No-mouse\Scripts\Ported scripts\Healthbar3d_enemy.cs", "C#", 0, -22, -2, -4, -28
"d:\Godot projects\New folder\No-mouse\Scripts\Ported scripts\Loading_screen.cs", "C#", 0, -56, -1, -6, -63
"d:\Godot projects\New folder\No-mouse\Scripts\Ported scripts\Main_menu.cs", "C#", 0, -63, 0, -5, -68
"d:\Godot projects\New folder\No-mouse\Scripts\Ported scripts\Menu.cs", "C#", 0, -120, 0, -8, -128
"d:\Godot projects\New folder\No-mouse\Scripts\Ported scripts\Movement.cs", "C#", 0, -322, -38, -24, -384
"d:\Godot projects\New folder\No-mouse\Scripts\Ported scripts\Popuptext.cs", "C#", 0, -43, 0, -5, -48
"d:\Godot projects\New folder\No-mouse\Scripts\Ported scripts\Select_level.cs", "C#", 0, -32, -8, -3, -43
"d:\Godot projects\New folder\No-mouse\Scripts\Ported scripts\Settings.cs", "C#", 0, -238, -1, -28, -267
"d:\Godot projects\New folder\No-mouse\Scripts\Ported scripts\resolution.cs", "C#", 0, -16, 0, -3, -19
"Total", "-", 1847, -1560, 88, 299, 674